,id,alias,name,image_url,is_closed,url,review_count,categories,rating,coordinates,transactions,price,location,phone,display_phone,distance
0,j7Mra3Cgi7HakV1IhX8nSQ,roscos-burger-inn-el-paso,Rosco's Burger Inn,https://s3-media2.fl.yelpcdn.com/bphoto/um-QVx-Jlk4Z62OlXsu-aw/o.jpg,False,https://www.yelp.com/biz/roscos-burger-inn-el-paso?adjust_creative=46Qdap-Yvtt11BlS0MAHXA&utm_campaign=yelp_api_v3&utm_medium=api_v3_business_search&utm_source=46Qdap-Yvtt11BlS0MAHXA,105,"[{'alias': 'burgers', 'title': 'Burgers'}, {'alias': 'diners', 'title': 'Diners'}]",4.5,"{'latitude': 31.8066825866699, 'longitude': -106.446746826172}",['delivery'],$,"{'address1': '3829 Tompkins Rd', 'address2': '', 'address3': '', 'city': 'El Paso', 'zip_code': '79930', 'country': 'US', 'state': 'TX', 'display_address': ['3829 Tompkins Rd', 'El Paso, TX 79930']}",+19155649028,(915) 564-9028,2677.530748441466
1,YMILLnOrbpUE_rQVORk0kA,toro-burger-bar-el-paso-3,Toro Burger Bar,https://s3-media1.fl.yelpcdn.com/bphoto/yzyp94PxYCcZM_AC3f7nyw/o.jpg,False,https://www.yelp.com/biz/toro-burger-bar-el-paso-3?adjust_creative=46Qdap-Yvtt11BlS0MAHXA&utm_campaign=yelp_api_v3&utm_medium=api_v3_business_search&utm_source=46Qdap-Yvtt11BlS0MAHXA,392,"[{'alias': 'gastropubs', 'title': 'Gastropubs'}, {'alias': 'burgers', 'title': 'Burgers'}]",3.5,"{'latitude': 31.788878, 'longitude': -106.399074}","['pickup', 'delivery']",$$,"{'address1': '6590 Montana Ave', 'address2': '', 'address3': '', 'city': 'El Paso', 'zip_code': '79925', 'country': 'US', 'state': 'TX', 'display_address': ['6590 Montana Ave', 'El Paso, TX 79925']}",+19157740990,(915) 774-0990,3160.2291500365914
2,_irWJon4jFDDAJqcWuVXtw,3740-charbroiled-burgers-el-paso,3740 Charbroiled Burgers,https://s3-media4.fl.yelpcdn.com/bphoto/n3lIgWBdKVSNr7nJ4_MmAQ/o.jpg,False,https://www.yelp.com/biz/3740-charbroiled-burgers-el-paso?adjust_creative=46Qdap-Yvtt11BlS0MAHXA&utm_campaign=yelp_api_v3&utm_medium=api_v3_business_search&utm_source=46Qdap-Yvtt11BlS0MAHXA,11,"[{'alias': 'burgers', 'title': 'Burgers'}]",4.5,"{'latitude': 31.745091, 'longitude': -106.286235}",['delivery'],,"{'address1': '1613 N Zaragoza', 'address2': 'Ste 203', 'address3': '', 'city': 'El Paso', 'zip_code': '79936', 'country': 'US', 'state': 'TX', 'display_address': ['1613 N Zaragoza', 'Ste 203', 'El Paso, TX 79936']}",+19152754098,(915) 275-4098,14570.221889152679
3,kW3zGBhu42cgdShic4sing,orange-cow-burgers-el-paso-2,Orange Cow Burgers,https://s3-media3.fl.yelpcdn.com/bphoto/mQHMbI3XgBruh9sFItxZAw/o.jpg,False,https://www.yelp.com/biz/orange-cow-burgers-el-paso-2?adjust_creative=46Qdap-Yvtt11BlS0MAHXA&utm_campaign=yelp_api_v3&utm_medium=api_v3_business_search&utm_source=46Qdap-Yvtt11BlS0MAHXA,132,"[{'alias': 'foodtrucks', 'title': 'Food Trucks'}, {'alias': 'burgers', 'title': 'Burgers'}]",4.5,"{'latitude': 31.8618461, 'longitude': -106.5586447}",['delivery'],$$,"{'address1': '955 Resler', 'address2': 'Ste 110', 'address3': None, 'city': 'El Paso', 'zip_code': '79932', 'country': 'US', 'state': 'TX', 'display_address': ['955 Resler', 'Ste 110', 'El Paso, TX 79932']}",+19153000251,(915) 300-0251,14321.707736645618
4,5oXYjyj1w7JDcDYvJdfsxQ,punk-burger-el-paso,Punk Burger,https://s3-media2.fl.yelpcdn.com/bphoto/zlD1kHbhGik0yfNdevjxdw/o.jpg,False,https://www.yelp.com/biz/punk-burger-el-paso?adjust_creative=46Qdap-Yvtt11BlS0MAHXA&utm_campaign=yelp_api_v3&utm_medium=api_v3_business_search&utm_source=46Qdap-Yvtt11BlS0MAHXA,4,"[{'alias': 'burgers', 'title': 'Burgers'}]",4.5,"{'latitude': 31.78220068368919, 'longitude': -106.5061344439578}","['pickup', 'delivery']",,"{'address1': '3233 N Mesa St', 'address2': 'Ste 201', 'address3': None, 'city': 'El Paso', 'zip_code': '79902', 'country': 'US', 'state': 'TX', 'display_address': ['3233 N Mesa St', 'Ste 201', 'El Paso, TX 79902']}",+19153134494,(915) 313-4494,8852.612306860028
5,2ulu6amCjyq7xiqhJTeaIQ,mrbeast-burger-el-paso,MrBeast Burger,https://s3-media2.fl.yelpcdn.com/bphoto/gL6Ki9vGPuUFA5hnKEw0ZA/o.jpg,False,https://www.yelp.com/biz/mrbeast-burger-el-paso?adjust_creative=46Qdap-Yvtt11BlS0MAHXA&utm_campaign=yelp_api_v3&utm_medium=api_v3_business_search&utm_source=46Qdap-Yvtt11BlS0MAHXA,1,"[{'alias': 'fooddeliveryservices', 'title': 'Food Delivery Services'}, {'alias': 'burgers', 'title': 'Burgers'}]",4.0,"{'latitude': 31.712051391601562, 'longitude': -106.32512664794922}",[],,"{'address1': '', 'address2': None, 'address3': None, 'city': 'El Paso', 'zip_code': '79907', 'country': 'US', 'state': 'TX', 'display_address': ['El Paso, TX 79907']}",+18772327898,(877) 232-7898,13880.104774204485
6,ZT8_DRGxo0WZN2smLaswRQ,los-ii-brothers-burgers-canutillo,Los II Brothers Burgers,https://s3-media3.fl.yelpcdn.com/bphoto/YQrtQMoK_USNShkldTmqnA/o.jpg,False,https://www.yelp.com/biz/los-ii-brothers-burgers-canutillo?adjust_creative=46Qdap-Yvtt11BlS0MAHXA&utm_campaign=yelp_api_v3&utm_medium=api_v3_business_search&utm_source=46Qdap-Yvtt11BlS0MAHXA,9,"[{'alias': 'tradamerican', 'title': 'American (Traditional)'}, {'alias': 'burgers', 'title': 'Burgers'}]",4.5,"{'latitude': 31.9006269816349, 'longitude': -106.599105586697}",[],,"{'address1': '6720 Doniphan Dr', 'address2': 'Ste A', 'address3': None, 'city': 'Canutillo', 'zip_code': '79835', 'country': 'US', 'state': 'TX', 'display_address': ['6720 Doniphan Dr', 'Ste A', 'Canutillo, TX 79835']}",+19156424167,(915) 642-4167,19677.557629636427
7,ueDxdoIWNpNB2y3a8GDFCQ,chuco-burgers-and-dogs-el-paso,Chuco Burgers and Dogs,https://s3-media1.fl.yelpcdn.com/bphoto/nMP1ryda1uz2f_2IhqMKBw/o.jpg,False,https://www.yelp.com/biz/chuco-burgers-and-dogs-el-paso?adjust_creative=46Qdap-Yvtt11BlS0MAHXA&utm_campaign=yelp_api_v3&utm_medium=api_v3_business_search&utm_source=46Qdap-Yvtt11BlS0MAHXA,132,"[{'alias': 'hotdog', 'title': 'Hot Dogs'}, {'alias': 'burgers', 'title': 'Burgers'}]",4.0,"{'latitude': 31.7470528861114, 'longitude': -106.341873407364}",[],$,"{'address1': '1201 Lafayette Dr', 'address2': '', 'address3': '', 'city': 'El Paso', 'zip_code': '79907', 'country': 'US', 'state': 'TX', 'display_address': ['1201 Lafayette Dr', 'El Paso, TX 79907']}",+19155988707,(915) 598-8707,10232.358237531073
8,0693IPLe34HLDdfAm7cSDw,border-burger-bar-el-paso,Border Burger Bar,https://s3-media4.fl.yelpcdn.com/bphoto/SoHOTlsVOZF4k--WJIKlIw/o.jpg,False,https://www.yelp.com/biz/border-burger-bar-el-paso?adjust_creative=46Qdap-Yvtt11BlS0MAHXA&utm_campaign=yelp_api_v3&utm_medium=api_v3_business_search&utm_source=46Qdap-Yvtt11BlS0MAHXA,147,"[{'alias': 'burgers', 'title': 'Burgers'}, {'alias': 'beerbar', 'title': 'Beer Bar'}]",4.0,"{'latitude': 31.80629, 'longitude': -106.454392}","['pickup', 'delivery']",$$,"{'address1': '3329 Fort Blvd', 'address2': '', 'address3': '', 'city': 'El Paso', 'zip_code': '79930', 'country': 'US', 'state': 'TX', 'display_address': ['3329 Fort Blvd', 'El Paso, TX 79930']}",+19155622867,(915) 562-2867,3389.1357407097926
9,B6T2U4xLlWkJRZE8MPPt1w,burger-bros-el-paso,Burger Bros,https://s3-media2.fl.yelpcdn.com/bphoto/O8umNucrEonakz5uogX63Q/o.jpg,False,https://www.yelp.com/biz/burger-bros-el-paso?adjust_creative=46Qdap-Yvtt11BlS0MAHXA&utm_campaign=yelp_api_v3&utm_medium=api_v3_business_search&utm_source=46Qdap-Yvtt11BlS0MAHXA,29,"[{'alias': 'burgers', 'title': 'Burgers'}, {'alias': 'hotdog', 'title': 'Hot Dogs'}, {'alias': 'sandwiches', 'title': 'Sandwiches'}]",4.0,"{'latitude': 31.766063, 'longitude': -106.36288}",['pickup'],,"{'address1': '9300 Acer Ave', 'address2': None, 'address3': '', 'city': 'El Paso', 'zip_code': '79925', 'country': 'US', 'state': 'TX', 'display_address': ['9300 Acer Ave', 'El Paso, TX 79925']}",+19159969535,(915) 996-9535,7333.632244342041
10,4Bb4heAnpco4Y10WyhkuJA,rockstar-burger-bar-el-paso,Rockstar Burger Bar,https://s3-media2.fl.yelpcdn.com/bphoto/OHJNw4U_yXHjILv4YDEPFg/o.jpg,False,https://www.yelp.com/biz/rockstar-burger-bar-el-paso?adjust_creative=46Qdap-Yvtt11BlS0MAHXA&utm_campaign=yelp_api_v3&utm_medium=api_v3_business_search&utm_source=46Qdap-Yvtt11BlS0MAHXA,131,"[{'alias': 'burgers', 'title': 'Burgers'}, {'alias': 'sportsbars', 'title': 'Sports Bars'}]",4.0,"{'latitude': 31.75979, 'longitude': -106.48694}",['delivery'],$$,"{'address1': '217 N Stanton', 'address2': None, 'address3': '', 'city': 'El Paso', 'zip_code': '79901', 'country': 'US', 'state': 'TX', 'display_address': ['217 N Stanton', 'El Paso, TX 79901']}",+19158814475,(915) 881-4475,8621.83747138095
11,09bNDXGlP3n_zfqgeWtb8A,west-texas-chophouse-el-paso-5,West Texas Chophouse,https://s3-media1.fl.yelpcdn.com/bphoto/_UtFe2QsFIZY2EiAZZQj0g/o.jpg,False,https://www.yelp.com/biz/west-texas-chophouse-el-paso-5?adjust_creative=46Qdap-Yvtt11BlS0MAHXA&utm_campaign=yelp_api_v3&utm_medium=api_v3_business_search&utm_source=46Qdap-Yvtt11BlS0MAHXA,583,"[{'alias': 'steak', 'title': 'Steakhouses'}, {'alias': 'burgers', 'title': 'Burgers'}, {'alias': 'sandwiches', 'title': 'Sandwiches'}]",4.0,"{'latitude': 31.7809409, 'longitude': -106.3926958}","['pickup', 'delivery']",$$,"{'address1': '1135 Airway Blvd', 'address2': 'Ste 7B', 'address3': None, 'city': 'El Paso', 'zip_code': '79925', 'country': 'US', 'state': 'TX', 'display_address': ['1135 Airway Blvd', 'Ste 7B', 'El Paso, TX 79925']}",+19157752467,(915) 775-2467,4219.914802839505
12,MxY33aARHlyNgXyxi-5NLQ,blazing-tree-brewery-el-paso,Blazing Tree Brewery,https://s3-media1.fl.yelpcdn.com/bphoto/BJm5LYCHK3muEvwy2tI0GQ/o.jpg,False,https://www.yelp.com/biz/blazing-tree-brewery-el-paso?adjust_creative=46Qdap-Yvtt11BlS0MAHXA&utm_campaign=yelp_api_v3&utm_medium=api_v3_business_search&utm_source=46Qdap-Yvtt11BlS0MAHXA,59,"[{'alias': 'breweries', 'title': 'Breweries'}]",5.0,"{'latitude': 31.738667, 'longitude': -106.318464}",[],$$,"{'address1': '11426 Rojas Dr', 'address2': 'Ste A-13', 'address3': None, 'city': 'El Paso', 'zip_code': '79936', 'country': 'US', 'state': 'TX', 'display_address': ['11426 Rojas Dr', 'Ste A-13', 'El Paso, TX 79936']}",+19153073627,(915) 307-3627,12495.809784281631
13,fV6VSR3-xM92W_YlcQQjNg,chase-the-taste-el-paso,Chase the Taste,https://s3-media4.fl.yelpcdn.com/bphoto/oq88Xty-tQaNGBPRAlNHjg/o.jpg,False,https://www.yelp.com/biz/chase-the-taste-el-paso?adjust_creative=46Qdap-Yvtt11BlS0MAHXA&utm_campaign=yelp_api_v3&utm_medium=api_v3_business_search&utm_source=46Qdap-Yvtt11BlS0MAHXA,270,"[{'alias': 'newamerican', 'title': 'American (New)'}, {'alias': 'burgers', 'title': 'Burgers'}]",4.5,"{'latitude': 31.9249073523, 'longitude': -106.440157409224}","['pickup', 'delivery']",$,"{'address1': '10771 Gateway Blvd S', 'address2': 'Ste N107', 'address3': None, 'city': 'El Paso', 'zip_code': '79934', 'country': 'US', 'state': 'TX', 'display_address': ['10771 Gateway Blvd S', 'Ste N107', 'El Paso, TX 79934']}",+19152709199,(915) 270-9199,12759.415347014654
14,l-23zOV9XsCpUlV785oq4A,panda-burgers-el-paso,Panda Burgers,https://s3-media3.fl.yelpcdn.com/bphoto/P-wSA76GKNDpmjQMkfG9ug/o.jpg,False,https://www.yelp.com/biz/panda-burgers-el-paso?adjust_creative=46Qdap-Yvtt11BlS0MAHXA&utm_campaign=yelp_api_v3&utm_medium=api_v3_business_search&utm_source=46Qdap-Yvtt11BlS0MAHXA,145,"[{'alias': 'burgers', 'title': 'Burgers'}]",4.0,"{'latitude': 31.782762, 'longitude': -106.323660357394}","['pickup', 'delivery']",$,"{'address1': '10780 Pebble Hills Blvd', 'address2': 'Ste B3', 'address3': '', 'city': 'El Paso', 'zip_code': '79935', 'country': 'US', 'state': 'TX', 'display_address': ['10780 Pebble Hills Blvd', 'Ste B3', 'El Paso, TX 79935']}",+19155942820,(915) 594-2820,9568.532284835082
15,_j6V7cmKSMzhy95HGyGhAw,smashburger-el-paso,Smashburger,https://s3-media2.fl.yelpcdn.com/bphoto/ug6CdYb2z96qZQhnGcpnJw/o.jpg,False,https://www.yelp.com/biz/smashburger-el-paso?adjust_creative=46Qdap-Yvtt11BlS0MAHXA&utm_campaign=yelp_api_v3&utm_medium=api_v3_business_search&utm_source=46Qdap-Yvtt11BlS0MAHXA,95,"[{'alias': 'burgers', 'title': 'Burgers'}, {'alias': 'hotdogs', 'title': 'Fast Food'}, {'alias': 'chicken_wings', 'title': 'Chicken Wings'}]",3.5,"{'latitude': 31.81751, 'longitude': -106.42760331416184}",[],$$,"{'address1': '1611 Haan Rd', 'address2': 'Spc K-123', 'address3': '', 'city': 'El Paso', 'zip_code': '79906', 'country': 'US', 'state': 'TX', 'display_address': ['1611 Haan Rd', 'Spc K-123', 'El Paso, TX 79906']}",+19155659464,(915) 565-9464,1042.802208246627
16,-tXyy8-F-eW8uE8T3fgjxA,the-hoppy-monk-el-paso-el-paso,The Hoppy Monk - El Paso,https://s3-media1.fl.yelpcdn.com/bphoto/E2mfIuh8dRqEdbVFCGNy2g/o.jpg,False,https://www.yelp.com/biz/the-hoppy-monk-el-paso-el-paso?adjust_creative=46Qdap-Yvtt11BlS0MAHXA&utm_campaign=yelp_api_v3&utm_medium=api_v3_business_search&utm_source=46Qdap-Yvtt11BlS0MAHXA,671,"[{'alias': 'gastropubs', 'title': 'Gastropubs'}, {'alias': 'beerbar', 'title': 'Beer Bar'}, {'alias': 'cocktailbars', 'title': 'Cocktail Bars'}]",4.5,"{'latitude': 31.792461, 'longitude': -106.5087999}",['delivery'],$$,"{'address1': '4141 N Mesa St', 'address2': '', 'address3': '', 'city': 'El Paso', 'zip_code': '79902', 'country': 'US', 'state': 'TX', 'display_address': ['4141 N Mesa St', 'El Paso, TX 79902']}",+19153073263,(915) 307-3263,8741.90307236082
17,vRk05TnW7wZEfQBDUHFqgQ,star-burgers-and-fries-el-paso,Star Burgers & Fries,https://s3-media3.fl.yelpcdn.com/bphoto/75QnxOSEM-tgjuhIx8oUDA/o.jpg,False,https://www.yelp.com/biz/star-burgers-and-fries-el-paso?adjust_creative=46Qdap-Yvtt11BlS0MAHXA&utm_campaign=yelp_api_v3&utm_medium=api_v3_business_search&utm_source=46Qdap-Yvtt11BlS0MAHXA,10,"[{'alias': 'foodtrucks', 'title': 'Food Trucks'}, {'alias': 'burgers', 'title': 'Burgers'}]",5.0,"{'latitude': 31.7494876, 'longitude': -106.325156}",[],,"{'address1': '11135 Pellicano Dr', 'address2': None, 'address3': None, 'city': 'El Paso', 'zip_code': '79935', 'country': 'US', 'state': 'TX', 'display_address': ['11135 Pellicano Dr', 'El Paso, TX 79935']}",+18582324503,(858) 232-4503,11244.825163057394
18,9ZlGn0Q-OHkvQm0UtHzvHA,not-just-burgers-el-paso,Not Just Burgers,https://s3-media1.fl.yelpcdn.com/bphoto/_qq1QiPiDKZbYZ9kzZZAnA/o.jpg,False,https://www.yelp.com/biz/not-just-burgers-el-paso?adjust_creative=46Qdap-Yvtt11BlS0MAHXA&utm_campaign=yelp_api_v3&utm_medium=api_v3_business_search&utm_source=46Qdap-Yvtt11BlS0MAHXA,56,"[{'alias': 'burgers', 'title': 'Burgers'}, {'alias': 'mexican', 'title': 'Mexican'}, {'alias': 'sandwiches', 'title': 'Sandwiches'}]",4.5,"{'latitude': 31.735929, 'longitude': -106.287406}","['pickup', 'delivery']",$,"{'address1': '11985 Pelicano Dr', 'address2': None, 'address3': '', 'city': 'El Paso', 'zip_code': '79936', 'country': 'US', 'state': 'TX', 'display_address': ['11985 Pelicano Dr', 'El Paso, TX 79936']}",+19153193819,(915) 319-3819,15019.856602271084
19,ZXUNhDY-j1qV4LZPxmSOCg,tuscan-cattle-el-paso-2,Tuscan Cattle,https://s3-media1.fl.yelpcdn.com/bphoto/XPz8DOhaxdumUekyT7DfZQ/o.jpg,False,https://www.yelp.com/biz/tuscan-cattle-el-paso-2?adjust_creative=46Qdap-Yvtt11BlS0MAHXA&utm_campaign=yelp_api_v3&utm_medium=api_v3_business_search&utm_source=46Qdap-Yvtt11BlS0MAHXA,24,"[{'alias': 'meats', 'title': 'Meat Shops'}, {'alias': 'burgers', 'title': 'Burgers'}]",5.0,"{'latitude': 31.8325567, 'longitude': -106.5366101}","['pickup', 'delivery']",,"{'address1': '6415 N Mesa St', 'address2': None, 'address3': '', 'city': 'El Paso', 'zip_code': '79912', 'country': 'US', 'state': 'TX', 'display_address': ['6415 N Mesa St', 'El Paso, TX 79912']}",+19152199911,(915) 219-9911,11348.197457370996
20,GedsiJNMM3ItLM_Z2RYlAg,papa-erics-burgers-el-paso-4,Papa Eric's Burgers,https://s3-media1.fl.yelpcdn.com/bphoto/mvQjt6MTJklZAzn124Miow/o.jpg,False,https://www.yelp.com/biz/papa-erics-burgers-el-paso-4?adjust_creative=46Qdap-Yvtt11BlS0MAHXA&utm_campaign=yelp_api_v3&utm_medium=api_v3_business_search&utm_source=46Qdap-Yvtt11BlS0MAHXA,69,"[{'alias': 'burgers', 'title': 'Burgers'}]",4.0,"{'latitude': 31.7993583679199, 'longitude': -106.461624145508}",['delivery'],$,"{'address1': '2519 N Piedras St', 'address2': '', 'address3': '', 'city': 'El Paso', 'zip_code': '79930', 'country': 'US', 'state': 'TX', 'display_address': ['2519 N Piedras St', 'El Paso, TX 79930']}",+19155657272,(915) 565-7272,4246.285655204653
21,6wubP95aHYh9WjVQCkJcJA,chachis-burgers-el-paso,Chachi's Burgers,https://s3-media4.fl.yelpcdn.com/bphoto/tyTLfoV2zEnzaMKvCOdGWQ/o.jpg,False,https://www.yelp.com/biz/chachis-burgers-el-paso?adjust_creative=46Qdap-Yvtt11BlS0MAHXA&utm_campaign=yelp_api_v3&utm_medium=api_v3_business_search&utm_source=46Qdap-Yvtt11BlS0MAHXA,28,"[{'alias': 'burgers', 'title': 'Burgers'}]",4.0,"{'latitude': 31.9055372383327, 'longitude': -106.406363412883}",['delivery'],$,"{'address1': '10101-10199 Grouse Rd', 'address2': '', 'address3': '', 'city': 'El Paso', 'zip_code': '79924', 'country': 'US', 'state': 'TX', 'display_address': ['10101-10199 Grouse Rd', 'El Paso, TX 79924']}",,,10517.823757691875
22,k_kftTe4dkTQjuIPfi9dGQ,track-one-el-paso,Track One,https://s3-media3.fl.yelpcdn.com/bphoto/iJ6X6jbMxbDKRYrRQ0r5fg/o.jpg,False,https://www.yelp.com/biz/track-one-el-paso?adjust_creative=46Qdap-Yvtt11BlS0MAHXA&utm_campaign=yelp_api_v3&utm_medium=api_v3_business_search&utm_source=46Qdap-Yvtt11BlS0MAHXA,433,"[{'alias': 'tradamerican', 'title': 'American (Traditional)'}, {'alias': 'chicken_wings', 'title': 'Chicken Wings'}, {'alias': 'burgers', 'title': 'Burgers'}]",3.5,"{'latitude': 31.785854, 'longitude': -106.397978}",['delivery'],$$,"{'address1': '1330 Robert E Lee Rd', 'address2': '', 'address3': '', 'city': 'El Paso', 'zip_code': '79925', 'country': 'US', 'state': 'TX', 'display_address': ['1330 Robert E Lee Rd', 'El Paso, TX 79925']}",+19157792170,(915) 779-2170,3485.120745321821
23,ynz4JO8syFz78IlfT8UGDQ,bold-burgers-and-tacos-el-paso-5,Bold Burgers & Tacos,https://s3-media1.fl.yelpcdn.com/bphoto/bet_QokPPUjlfwVwY5h1lA/o.jpg,False,https://www.yelp.com/biz/bold-burgers-and-tacos-el-paso-5?adjust_creative=46Qdap-Yvtt11BlS0MAHXA&utm_campaign=yelp_api_v3&utm_medium=api_v3_business_search&utm_source=46Qdap-Yvtt11BlS0MAHXA,4,"[{'alias': 'burgers', 'title': 'Burgers'}, {'alias': 'tacos', 'title': 'Tacos'}]",4.0,"{'latitude': 31.79757, 'longitude': -106.51043}","['pickup', 'delivery']",,"{'address1': '4400 N Mesa', 'address2': 'Ste 10', 'address3': '', 'city': 'El Paso', 'zip_code': '79902', 'country': 'US', 'state': 'TX', 'display_address': ['4400 N Mesa', 'Ste 10', 'El Paso, TX 79902']}",+19152025807,(915) 202-5807,8792.472009117286
24,UG-nrOxyZcPi5BfotyyVKw,papa-erics-burgers-el-paso-3,Papa Eric's Burgers,https://s3-media3.fl.yelpcdn.com/bphoto/sF15vJ3KvN4MpFEgkpXDuA/o.jpg,False,https://www.yelp.com/biz/papa-erics-burgers-el-paso-3?adjust_creative=46Qdap-Yvtt11BlS0MAHXA&utm_campaign=yelp_api_v3&utm_medium=api_v3_business_search&utm_source=46Qdap-Yvtt11BlS0MAHXA,40,"[{'alias': 'burgers', 'title': 'Burgers'}, {'alias': 'hotdogs', 'title': 'Fast Food'}]",4.0,"{'latitude': 31.770005822931, 'longitude': -106.348469629884}",['delivery'],$,"{'address1': '2066 Wedgewood Dr', 'address2': '', 'address3': '', 'city': 'El Paso', 'zip_code': '79925', 'country': 'US', 'state': 'TX', 'display_address': ['2066 Wedgewood Dr', 'El Paso, TX 79925']}",+19152590223,(915) 259-0223,8116.449873933812
25,vHoe1PXLSI6cRoXtkwi3bg,happy-burger-el-paso,Happy Burger,https://s3-media1.fl.yelpcdn.com/bphoto/_UejrdOe0csNYUnC2Xq3Zw/o.jpg,False,https://www.yelp.com/biz/happy-burger-el-paso?adjust_creative=46Qdap-Yvtt11BlS0MAHXA&utm_campaign=yelp_api_v3&utm_medium=api_v3_business_search&utm_source=46Qdap-Yvtt11BlS0MAHXA,38,"[{'alias': 'burgers', 'title': 'Burgers'}, {'alias': 'mexican', 'title': 'Mexican'}]",4.0,"{'latitude': 31.79132, 'longitude': -106.33151}",[],$,"{'address1': '3375 N Yarbrough Dr', 'address2': '', 'address3': '', 'city': 'El Paso', 'zip_code': '79925', 'country': 'US', 'state': 'TX', 'display_address': ['3375 N Yarbrough Dr', 'El Paso, TX 79925']}",+19155954243,(915) 595-4243,8588.08711033436
26,w5lIygsBX2GDNUAp6o90Ug,gasoline-rays-dive-bar-el-paso,Gasoline Ray's Dive Bar,https://s3-media1.fl.yelpcdn.com/bphoto/jH6ivfAjcqCezf9j5EmRHg/o.jpg,False,https://www.yelp.com/biz/gasoline-rays-dive-bar-el-paso?adjust_creative=46Qdap-Yvtt11BlS0MAHXA&utm_campaign=yelp_api_v3&utm_medium=api_v3_business_search&utm_source=46Qdap-Yvtt11BlS0MAHXA,39,"[{'alias': 'tacos', 'title': 'Tacos'}, {'alias': 'divebars', 'title': 'Dive Bars'}]",4.0,"{'latitude': 31.839486, 'longitude': -106.578401}",['delivery'],$$,"{'address1': '4907 Crossroads Dr', 'address2': '', 'address3': None, 'city': 'El Paso', 'zip_code': '79922', 'country': 'US', 'state': 'TX', 'display_address': ['4907 Crossroads Dr', 'El Paso, TX 79922']}",+19152620464,(915) 262-0464,15370.258663898789
27,UwiBNBzogUlG4vEWXXA9DQ,burdogs-el-paso,Burdog's,https://s3-media3.fl.yelpcdn.com/bphoto/BN2AVA_QswtcV_cbCvCTmw/o.jpg,False,https://www.yelp.com/biz/burdogs-el-paso?adjust_creative=46Qdap-Yvtt11BlS0MAHXA&utm_campaign=yelp_api_v3&utm_medium=api_v3_business_search&utm_source=46Qdap-Yvtt11BlS0MAHXA,1,"[{'alias': 'foodtrucks', 'title': 'Food Trucks'}, {'alias': 'burgers', 'title': 'Burgers'}, {'alias': 'hotdog', 'title': 'Hot Dogs'}]",4.0,"{'latitude': 31.8759009, 'longitude': -106.4246451}",[],,"{'address1': '9303 Dyer St', 'address2': '', 'address3': None, 'city': 'El Paso', 'zip_code': '79924', 'country': 'US', 'state': 'TX', 'display_address': ['9303 Dyer St', 'El Paso, TX 79924']}",+19157067990,(915) 706-7990,7173.134532782225
28,rpMpKlZRNB03zpyq-mQbEw,mooyah-burgers-fries-and-shakes-el-paso-2,"MOOYAH Burgers, Fries & Shakes",https://s3-media1.fl.yelpcdn.com/bphoto/raj5R3GsJeGF66ohY9h0sQ/o.jpg,False,https://www.yelp.com/biz/mooyah-burgers-fries-and-shakes-el-paso-2?adjust_creative=46Qdap-Yvtt11BlS0MAHXA&utm_campaign=yelp_api_v3&utm_medium=api_v3_business_search&utm_source=46Qdap-Yvtt11BlS0MAHXA,92,"[{'alias': 'burgers', 'title': 'Burgers'}, {'alias': 'icecream', 'title': 'Ice Cream & Frozen Yogurt'}, {'alias': 'hotdog', 'title': 'Hot Dogs'}]",3.0,"{'latitude': 31.77095, 'longitude': -106.37233}","['pickup', 'delivery']",$$,"{'address1': '8889 Gateway West Blvd', 'address2': 'Ste 450', 'address3': '', 'city': 'El Paso', 'zip_code': '79925', 'country': 'US', 'state': 'TX', 'display_address': ['8889 Gateway West Blvd', 'Ste 450', 'El Paso, TX 79925']}",+19155950100,(915) 595-0100,6317.33043956656
29,-vmy1uBcIRvz0s5oNG52ow,el-doggy-kitchen-el-paso,El Doggy Kitchen,https://s3-media2.fl.yelpcdn.com/bphoto/4g96QvcQhNFzM_thZI7hTw/o.jpg,False,https://www.yelp.com/biz/el-doggy-kitchen-el-paso?adjust_creative=46Qdap-Yvtt11BlS0MAHXA&utm_campaign=yelp_api_v3&utm_medium=api_v3_business_search&utm_source=46Qdap-Yvtt11BlS0MAHXA,64,"[{'alias': 'hotdog', 'title': 'Hot Dogs'}, {'alias': 'burgers', 'title': 'Burgers'}]",4.5,"{'latitude': 31.7583345024491, 'longitude': -106.272648019034}",['delivery'],$$,"{'address1': '1841 N Zaragoza Rd', 'address2': 'Ste 304', 'address3': None, 'city': 'El Paso', 'zip_code': '79936', 'country': 'US', 'state': 'TX', 'display_address': ['1841 N Zaragoza Rd', 'Ste 304', 'El Paso, TX 79936']}",+19155261476,(915) 526-1476,15052.047544387173
30,L3TvYbAJkziYG6aUpQ7Z7g,voodoo-burgers-las-cruces,Voodoo Burgers,https://s3-media1.fl.yelpcdn.com/bphoto/LRczG7n8aBUQLec7QOCpew/o.jpg,False,https://www.yelp.com/biz/voodoo-burgers-las-cruces?adjust_creative=46Qdap-Yvtt11BlS0MAHXA&utm_campaign=yelp_api_v3&utm_medium=api_v3_business_search&utm_source=46Qdap-Yvtt11BlS0MAHXA,10,"[{'alias': 'burgers', 'title': 'Burgers'}]",4.0,"{'latitude': 32.28475, 'longitude': -106.755624}","['pickup', 'delivery']",,"{'address1': '1001 E University Ave', 'address2': 'Ste D-4', 'address3': None, 'city': 'Las Cruces', 'zip_code': '88001', 'country': 'US', 'state': 'NM', 'display_address': ['1001 E University Ave', 'Ste D-4', 'Las Cruces, NM 88001']}",+15755235770,(575) 523-5770,61431.291710806756
31,4drBDL7HwnArJWq1Op_kHw,papa-erics-burgers-el-paso-5,Papa Eric's Burgers,https://s3-media3.fl.yelpcdn.com/bphoto/Kucd8beu9Gk49Y7dpbuvlQ/o.jpg,False,https://www.yelp.com/biz/papa-erics-burgers-el-paso-5?adjust_creative=46Qdap-Yvtt11BlS0MAHXA&utm_campaign=yelp_api_v3&utm_medium=api_v3_business_search&utm_source=46Qdap-Yvtt11BlS0MAHXA,38,"[{'alias': 'burgers', 'title': 'Burgers'}]",3.5,"{'latitude': 31.7764398337508, 'longitude': -106.252735219896}",['delivery'],$,"{'address1': '2301 N Zaragoza Rd', 'address2': 'Ste 10', 'address3': '', 'city': 'El Paso', 'zip_code': '79938', 'country': 'US', 'state': 'TX', 'display_address': ['2301 N Zaragoza Rd', 'Ste 10', 'El Paso, TX 79938']}",+19152590255,(915) 259-0255,16197.965636002471
32,i0fjX_OCenBeu-YoUWPbAg,the-pig-pen-bbq-and-spirits-horizon-city,The Pig Pen BBQ & Spirits,https://s3-media4.fl.yelpcdn.com/bphoto/wigPAYiuD129vNHU-1IODw/o.jpg,False,https://www.yelp.com/biz/the-pig-pen-bbq-and-spirits-horizon-city?adjust_creative=46Qdap-Yvtt11BlS0MAHXA&utm_campaign=yelp_api_v3&utm_medium=api_v3_business_search&utm_source=46Qdap-Yvtt11BlS0MAHXA,16,"[{'alias': 'bbq', 'title': 'Barbeque'}, {'alias': 'tradamerican', 'title': 'American (Traditional)'}, {'alias': 'chicken_wings', 'title': 'Chicken Wings'}]",4.0,"{'latitude': 31.6820696, 'longitude': -106.1974737}","['pickup', 'delivery']",,"{'address1': '14010 Horizon Blvd', 'address2': 'Ste FG', 'address3': '', 'city': 'Horizon City', 'zip_code': '79928', 'country': 'US', 'state': 'TX', 'display_address': ['14010 Horizon Blvd', 'Ste FG', 'Horizon City, TX 79928']}",+19152598121,(915) 259-8121,25424.118810375578
33,ousAO2Ns0_YgmKruzqNfFw,papa-burgers-socorro,Papa Burgers,https://s3-media1.fl.yelpcdn.com/bphoto/0jB6ZtvhNNLiACxQGLlHUw/o.jpg,False,https://www.yelp.com/biz/papa-burgers-socorro?adjust_creative=46Qdap-Yvtt11BlS0MAHXA&utm_campaign=yelp_api_v3&utm_medium=api_v3_business_search&utm_source=46Qdap-Yvtt11BlS0MAHXA,6,"[{'alias': 'burgers', 'title': 'Burgers'}]",5.0,"{'latitude': 31.670172, 'longitude': -106.281364}",[],$,"{'address1': '10100 N Lp', 'address2': '', 'address3': '', 'city': 'Socorro', 'zip_code': '79927', 'country': 'US', 'state': 'TX', 'display_address': ['10100 N Lp', 'Socorro, TX 79927']}",+19158607344,(915) 860-7344,20400.953696823904
34,-XIitIyVhzEZtdWcY9A6VA,big-burger-socorro,Big Burger,https://s3-media4.fl.yelpcdn.com/bphoto/MZ4WxwEFFV5h0CAHza8jmA/o.jpg,False,https://www.yelp.com/biz/big-burger-socorro?adjust_creative=46Qdap-Yvtt11BlS0MAHXA&utm_campaign=yelp_api_v3&utm_medium=api_v3_business_search&utm_source=46Qdap-Yvtt11BlS0MAHXA,8,"[{'alias': 'burgers', 'title': 'Burgers'}, {'alias': 'tacos', 'title': 'Tacos'}]",4.5,"{'latitude': 31.61665300748747, 'longitude': -106.28399772560446}",[],$,"{'address1': '11449 Socorro Rd', 'address2': 'Ste A', 'address3': '', 'city': 'Socorro', 'zip_code': '79927', 'country': 'US', 'state': 'TX', 'display_address': ['11449 Socorro Rd', 'Ste A', 'Socorro, TX 79927']}",+19158512913,(915) 851-2913,25158.832508936266
35,iCDlBCkchRApjbhcD_HlIQ,toro-burger-bar-el-paso-7,Toro Burger Bar,https://s3-media2.fl.yelpcdn.com/bphoto/IYTX1ltcXDeoMWkZ7jk4wA/o.jpg,False,https://www.yelp.com/biz/toro-burger-bar-el-paso-7?adjust_creative=46Qdap-Yvtt11BlS0MAHXA&utm_campaign=yelp_api_v3&utm_medium=api_v3_business_search&utm_source=46Qdap-Yvtt11BlS0MAHXA,75,"[{'alias': 'burgers', 'title': 'Burgers'}, {'alias': 'beerbar', 'title': 'Beer Bar'}]",2.5,"{'latitude': 31.769091, 'longitude': -106.25964}","['pickup', 'delivery']",$$,"{'address1': '2106 N Zaragoza Rd', 'address2': 'Ste B 201-202', 'address3': None, 'city': 'El Paso', 'zip_code': '79936', 'country': 'US', 'state': 'TX', 'display_address': ['2106 N Zaragoza Rd', 'Ste B 201-202', 'El Paso, TX 79936']}",+19152342554,(915) 234-2554,15790.889242148314
36,Op-_CejBJFYonHXamFzkFA,zeebs-las-cruces,Zeebs,https://s3-media3.fl.yelpcdn.com/bphoto/Ws07ig2aQWgYdDePYNWNZA/o.jpg,False,https://www.yelp.com/biz/zeebs-las-cruces?adjust_creative=46Qdap-Yvtt11BlS0MAHXA&utm_campaign=yelp_api_v3&utm_medium=api_v3_business_search&utm_source=46Qdap-Yvtt11BlS0MAHXA,70,"[{'alias': 'burgers', 'title': 'Burgers'}, {'alias': 'hotdogs', 'title': 'Fast Food'}]",4.0,"{'latitude': 32.3241328230894, 'longitude': -106.801436490726}",['delivery'],$,"{'address1': '1970 N Valley Dr', 'address2': '', 'address3': '', 'city': 'Las Cruces', 'zip_code': '88007', 'country': 'US', 'state': 'NM', 'display_address': ['1970 N Valley Dr', 'Las Cruces, NM 88007']}",+15755714268,(575) 571-4268,67428.18760522797
37,5I8Ny8DBIQYHa9UOAnp3aQ,the-el-paso-wing-factory-el-paso,The El Paso Wing Factory,https://s3-media3.fl.yelpcdn.com/bphoto/JbLtot0I_1Vg67itMfbS_w/o.jpg,False,https://www.yelp.com/biz/the-el-paso-wing-factory-el-paso?adjust_creative=46Qdap-Yvtt11BlS0MAHXA&utm_campaign=yelp_api_v3&utm_medium=api_v3_business_search&utm_source=46Qdap-Yvtt11BlS0MAHXA,50,"[{'alias': 'chicken_wings', 'title': 'Chicken Wings'}, {'alias': 'tradamerican', 'title': 'American (Traditional)'}]",4.0,"{'latitude': 31.78255617337607, 'longitude': -106.4616142728497}","['pickup', 'delivery']",$$,"{'address1': '801 N Piedras St', 'address2': 'Ste 2', 'address3': None, 'city': 'El Paso', 'zip_code': '79903', 'country': 'US', 'state': 'TX', 'display_address': ['801 N Piedras St', 'Ste 2', 'El Paso, TX 79903']}",+19152198147,(915) 219-8147,5154.922304008907
38,vTZCkmaw5COrawvtxDmouQ,frisco-burger-el-paso,Frisco Burger,https://s3-media2.fl.yelpcdn.com/bphoto/iyAGI-TojmHaTgtJDrqWrg/o.jpg,False,https://www.yelp.com/biz/frisco-burger-el-paso?adjust_creative=46Qdap-Yvtt11BlS0MAHXA&utm_campaign=yelp_api_v3&utm_medium=api_v3_business_search&utm_source=46Qdap-Yvtt11BlS0MAHXA,102,"[{'alias': 'diners', 'title': 'Diners'}, {'alias': 'tradamerican', 'title': 'American (Traditional)'}]",4.0,"{'latitude': 31.78573, 'longitude': -106.33556}",['delivery'],$,"{'address1': '3111 N Yarbrough Dr', 'address2': '', 'address3': '', 'city': 'El Paso', 'zip_code': '79925', 'country': 'US', 'state': 'TX', 'display_address': ['3111 N Yarbrough Dr', 'El Paso, TX 79925']}",+19155916737,(915) 591-6737,8396.009794358506
39,EQ4LekUUPQpbjnlv7K_bjg,los-chichos-el-paso,Los Chichos,https://s3-media3.fl.yelpcdn.com/bphoto/QJrhLM-CeFWd3CfG0jxpYQ/o.jpg,False,https://www.yelp.com/biz/los-chichos-el-paso?adjust_creative=46Qdap-Yvtt11BlS0MAHXA&utm_campaign=yelp_api_v3&utm_medium=api_v3_business_search&utm_source=46Qdap-Yvtt11BlS0MAHXA,8,"[{'alias': 'foodtrucks', 'title': 'Food Trucks'}]",4.0,"{'latitude': 31.774848, 'longitude': -106.254662}",[],$$,"{'address1': '2251 N Zaragoza Rd', 'address2': '', 'address3': '', 'city': 'El Paso', 'zip_code': '79938', 'country': 'US', 'state': 'TX', 'display_address': ['2251 N Zaragoza Rd', 'El Paso, TX 79938']}",+19154939977,(915) 493-9977,16068.168012369493
40,p7Ut_v-GSzGdV5t_0_XW8g,chelito-s-el-paso,Chelito’s,https://s3-media4.fl.yelpcdn.com/bphoto/g4vHdrpiRA5bKHwDXh42Yw/o.jpg,False,https://www.yelp.com/biz/chelito-s-el-paso?adjust_creative=46Qdap-Yvtt11BlS0MAHXA&utm_campaign=yelp_api_v3&utm_medium=api_v3_business_search&utm_source=46Qdap-Yvtt11BlS0MAHXA,5,"[{'alias': 'mexican', 'title': 'Mexican'}, {'alias': 'breakfast_brunch', 'title': 'Breakfast & Brunch'}, {'alias': 'burgers', 'title': 'Burgers'}]",4.5,"{'latitude': 31.75856, 'longitude': -106.48721}","['pickup', 'delivery']",,"{'address1': '115 N Mesa St', 'address2': '', 'address3': None, 'city': 'El Paso', 'zip_code': '79901', 'country': 'US', 'state': 'TX', 'display_address': ['115 N Mesa St', 'El Paso, TX 79901']}",+19153001188,(915) 300-1188,8727.357955473255
41,i8TvhPV8iX5xrleDQrRA7Q,the-outlaw-saloon-and-grill-san-elizario,The Outlaw Saloon & Grill,https://s3-media2.fl.yelpcdn.com/bphoto/96FB3A-5oFOxwjU2Bmcdkg/o.jpg,False,https://www.yelp.com/biz/the-outlaw-saloon-and-grill-san-elizario?adjust_creative=46Qdap-Yvtt11BlS0MAHXA&utm_campaign=yelp_api_v3&utm_medium=api_v3_business_search&utm_source=46Qdap-Yvtt11BlS0MAHXA,9,"[{'alias': 'tacos', 'title': 'Tacos'}, {'alias': 'tradamerican', 'title': 'American (Traditional)'}, {'alias': 'chicken_wings', 'title': 'Chicken Wings'}]",5.0,"{'latitude': 31.60164, 'longitude': -106.27803}",[],,"{'address1': '11951 Glorietta Rd', 'address2': 'Ste C', 'address3': None, 'city': 'San Elizario', 'zip_code': '79849', 'country': 'US', 'state': 'TX', 'display_address': ['11951 Glorietta Rd', 'Ste C', 'San Elizario, TX 79849']}",+19152884457,(915) 288-4457,26882.19964721053
42,NDX5NWoPH4VYS1Z4tK_Buw,charcoaler-drive-in-el-paso,Charcoaler Drive-In,https://s3-media1.fl.yelpcdn.com/bphoto/wxxq3ooGhJ-cIWvVPRMC0g/o.jpg,False,https://www.yelp.com/biz/charcoaler-drive-in-el-paso?adjust_creative=46Qdap-Yvtt11BlS0MAHXA&utm_campaign=yelp_api_v3&utm_medium=api_v3_business_search&utm_source=46Qdap-Yvtt11BlS0MAHXA,162,"[{'alias': 'burgers', 'title': 'Burgers'}]",3.5,"{'latitude': 31.82522, 'longitude': -106.52461}","['pickup', 'delivery']",$,"{'address1': '5837 N Mesa St', 'address2': '', 'address3': '', 'city': 'El Paso', 'zip_code': '79912', 'country': 'US', 'state': 'TX', 'display_address': ['5837 N Mesa St', 'El Paso, TX 79912']}",+19155810660,(915) 581-0660,10091.05835574353
43,EA_TED4a-idtvO6QnbqzLA,hamburger-inn-no-2-el-paso,Hamburger Inn No 2,https://s3-media1.fl.yelpcdn.com/bphoto/7fLJEJDmWwpDHhdQwYEfqQ/o.jpg,False,https://www.yelp.com/biz/hamburger-inn-no-2-el-paso?adjust_creative=46Qdap-Yvtt11BlS0MAHXA&utm_campaign=yelp_api_v3&utm_medium=api_v3_business_search&utm_source=46Qdap-Yvtt11BlS0MAHXA,4,"[{'alias': 'burgers', 'title': 'Burgers'}]",4.5,"{'latitude': 31.73321, 'longitude': -106.3687099}","['pickup', 'delivery']",$$,"{'address1': '115 McCarthy Ave', 'address2': '', 'address3': '', 'city': 'El Paso', 'zip_code': '79915', 'country': 'US', 'state': 'TX', 'display_address': ['115 McCarthy Ave', 'El Paso, TX 79915']}",+19158814126,(915) 881-4126,9939.22640668157
44,6pWGG9IkdrujzT2vJXlcCw,burger-nook-las-cruces,Burger Nook,https://s3-media4.fl.yelpcdn.com/bphoto/RlRkmlGe4vYMqiFyA5LViQ/o.jpg,False,https://www.yelp.com/biz/burger-nook-las-cruces?adjust_creative=46Qdap-Yvtt11BlS0MAHXA&utm_campaign=yelp_api_v3&utm_medium=api_v3_business_search&utm_source=46Qdap-Yvtt11BlS0MAHXA,59,"[{'alias': 'burgers', 'title': 'Burgers'}, {'alias': 'hotdog', 'title': 'Hot Dogs'}, {'alias': 'hotdogs', 'title': 'Fast Food'}]",4.0,"{'latitude': 32.33011, 'longitude': -106.77277}",['delivery'],$,"{'address1': '1204 E Madrid Ave', 'address2': '', 'address3': '', 'city': 'Las Cruces', 'zip_code': '88001', 'country': 'US', 'state': 'NM', 'display_address': ['1204 E Madrid Ave', 'Las Cruces, NM 88001']}",+15755239806,(575) 523-9806,66590.69646512656
45,SKWjQhlIldGhYLWEOjMtoQ,brauts-and-hots-el-paso-5,Brauts & Hots,https://s3-media4.fl.yelpcdn.com/bphoto/c6T6tOqRufjkZTvBJjd14w/o.jpg,False,https://www.yelp.com/biz/brauts-and-hots-el-paso-5?adjust_creative=46Qdap-Yvtt11BlS0MAHXA&utm_campaign=yelp_api_v3&utm_medium=api_v3_business_search&utm_source=46Qdap-Yvtt11BlS0MAHXA,9,"[{'alias': 'foodstands', 'title': 'Food Stands'}, {'alias': 'german', 'title': 'German'}, {'alias': 'tradamerican', 'title': 'American (Traditional)'}]",4.5,"{'latitude': 31.872156823064987, 'longitude': -106.4270895921671}",[],,"{'address1': '9155 Dyer St', 'address2': '', 'address3': None, 'city': 'El Paso', 'zip_code': '79924', 'country': 'US', 'state': 'TX', 'display_address': ['9155 Dyer St', 'El Paso, TX 79924']}",+19152605540,(915) 260-5540,6779.918884434798
46,5A_ExfNps8IeB1XFSn2mXA,slap-burger-el-paso,Slap Burger,https://s3-media4.fl.yelpcdn.com/bphoto/7ShAIh8yFOYFZbETqQzFhg/o.jpg,False,https://www.yelp.com/biz/slap-burger-el-paso?adjust_creative=46Qdap-Yvtt11BlS0MAHXA&utm_campaign=yelp_api_v3&utm_medium=api_v3_business_search&utm_source=46Qdap-Yvtt11BlS0MAHXA,5,"[{'alias': 'burgers', 'title': 'Burgers'}]",2.5,"{'latitude': 31.74261647816482, 'longitude': -106.28754484679361}",[],,"{'address1': '1550 N Zaragoza Rd', 'address2': 'Ste 201', 'address3': None, 'city': 'El Paso', 'zip_code': '79936', 'country': 'US', 'state': 'TX', 'display_address': ['1550 N Zaragoza Rd', 'Ste 201', 'El Paso, TX 79936']}",+19153038052,(915) 303-8052,14606.332891847724
47,H2cw3h9eQm-tLt1aeyahCg,freddys-frozen-custard-and-steakburgers-el-paso,Freddy's Frozen Custard & Steakburgers,https://s3-media2.fl.yelpcdn.com/bphoto/JTIOJ_8oClI_oRfhyosW3Q/o.jpg,False,https://www.yelp.com/biz/freddys-frozen-custard-and-steakburgers-el-paso?adjust_creative=46Qdap-Yvtt11BlS0MAHXA&utm_campaign=yelp_api_v3&utm_medium=api_v3_business_search&utm_source=46Qdap-Yvtt11BlS0MAHXA,29,"[{'alias': 'burgers', 'title': 'Burgers'}, {'alias': 'hotdogs', 'title': 'Fast Food'}, {'alias': 'icecream', 'title': 'Ice Cream & Frozen Yogurt'}]",3.5,"{'latitude': 31.758776, 'longitude': -106.270558}","['pickup', 'delivery']",,"{'address1': '1860 N Zaragoza Rd', 'address2': None, 'address3': '', 'city': 'El Paso', 'zip_code': '79928', 'country': 'US', 'state': 'TX', 'display_address': ['1860 N Zaragoza Rd', 'El Paso, TX 79928']}",+19158498369,(915) 849-8369,15214.839185935769
48,Qfz7iN503WycSZ6yTLmAdA,the-district-pub-and-kitchen-el-paso,The District Pub & Kitchen,https://s3-media4.fl.yelpcdn.com/bphoto/EDeFhhZNOWSMx7b9LReHEA/o.jpg,False,https://www.yelp.com/biz/the-district-pub-and-kitchen-el-paso?adjust_creative=46Qdap-Yvtt11BlS0MAHXA&utm_campaign=yelp_api_v3&utm_medium=api_v3_business_search&utm_source=46Qdap-Yvtt11BlS0MAHXA,49,"[{'alias': 'bars', 'title': 'Bars'}, {'alias': 'mexican', 'title': 'Mexican'}, {'alias': 'tradamerican', 'title': 'American (Traditional)'}]",4.0,"{'latitude': 31.7801113343415, 'longitude': -106.461823333336}",['delivery'],$$,"{'address1': '601 N Piedras St', 'address2': '', 'address3': None, 'city': 'El Paso', 'zip_code': '79903', 'country': 'US', 'state': 'TX', 'display_address': ['601 N Piedras St', 'El Paso, TX 79903']}",+19155640707,(915) 564-0707,5344.218255540751
49,CJ_vGInempXhlwyYsSuldA,juarez-burger-juárez,Juarez Burger,https://s3-media3.fl.yelpcdn.com/bphoto/MEyvUOXJ3Jdd_Vgs7vp0cg/o.jpg,False,https://www.yelp.com/biz/juarez-burger-ju%C3%A1rez?adjust_creative=46Qdap-Yvtt11BlS0MAHXA&utm_campaign=yelp_api_v3&utm_medium=api_v3_business_search&utm_source=46Qdap-Yvtt11BlS0MAHXA,1,"[{'alias': 'burgers', 'title': 'Burgers'}]",5.0,"{'latitude': 31.7189420978249, 'longitude': -106.415118078314}",[],$$,"{'address1': 'Blvd. Manuel Gomez Morin 7515', 'address2': '', 'address3': '', 'city': 'Juárez', 'zip_code': '', 'country': 'MX', 'state': 'CHH', 'display_address': ['Blvd. Manuel Gomez Morin 7515', 'Juárez, Chihuahua', 'Mexico']}",+526562510804,+52 656 251 0804,10306.00911529376
